Date;Type de vacances
23/12/2023;Vacances de Noël
24/12/2023;Vacances de Noël
25/12/2023;Vacances de Noël
26/12/2023;Vacances de Noël
27/12/2023;Vacances de Noël
28/12/2023;Vacances de Noël
29/12/2023;Vacances de Noël
30/12/2023;Vacances de Noël
31/12/2023;Vacances de Noël
01/01/2024;Vacances de Noël
02/01/2024;Vacances de Noël
03/01/2024;Vacances de Noël
04/01/2024;Vacances de Noël
05/01/2024;Vacances de Noël
06/01/2024;Vacances de Noël
07/01/2024;Vacances de Noël
08/01/2024;Vacances de Noël
10/02/2024;Vacances d'hiver
11/02/2024;Vacances d'hiver
12/02/2024;Vacances d'hiver
13/02/2024;Vacances d'hiver
14/02/2024;Vacances d'hiver
15/02/2024;Vacances d'hiver
16/02/2024;Vacances d'hiver
17/02/2024;Vacances d'hiver
18/02/2024;Vacances d'hiver
19/02/2024;Vacances d'hiver
20/02/2024;Vacances d'hiver
21/02/2024;Vacances d'hiver
22/02/2024;Vacances d'hiver
23/02/2024;Vacances d'hiver
24/02/2024;Vacances d'hiver
25/02/2024;Vacances d'hiver
26/02/2024;Vacances d'hiver
06/04/2024;Vacances de printemps
07/04/2024;Vacances de printemps
08/04/2024;Vacances de printemps
09/04/2024;Vacances de printemps
10/04/2024;Vacances de printemps
11/04/2024;Vacances de printemps
12/04/2024;Vacances de printemps
13/04/2024;Vacances de printemps
14/04/2024;Vacances de printemps
15/04/2024;Vacances de printemps
16/04/2024;Vacances de printemps
17/04/2024;Vacances de printemps
18/04/2024;Vacances de printemps
19/04/2024;Vacances de printemps
20/04/2024;Vacances de printemps
21/04/2024;Vacances de printemps
22/04/2024;Vacances de printemps
08/05/2024;Pont Ascension
09/05/2024;Pont Ascension
10/05/2024;Pont Ascension
11/05/2024;Pont Ascension
12/05/2024;Pont Ascension
13/05/2024;Pont Ascension
06/07/2024;Vacances d'été
07/07/2024;Vacances d'été
08/07/2024;Vacances d'été
09/07/2024;Vacances d'été
10/07/2024;Vacances d'été
11/07/2024;Vacances d'été
12/07/2024;Vacances d'été
13/07/2024;Vacances d'été
14/07/2024;Vacances d'été
15/07/2024;Vacances d'été
16/07/2024;Vacances d'été
17/07/2024;Vacances d'été
18/07/2024;Vacances d'été
19/07/2024;Vacances d'été
20/07/2024;Vacances d'été
21/07/2024;Vacances d'été
22/07/2024;Vacances d'été
23/07/2024;Vacances d'été
24/07/2024;Vacances d'été
25/07/2024;Vacances d'été
26/07/2024;Vacances d'été
27/07/2024;Vacances d'été
28/07/2024;Vacances d'été
29/07/2024;Vacances d'été
30/07/2024;Vacances d'été
31/07/2024;Vacances d'été
01/08/2024;Vacances d'été
02/08/2024;Vacances d'été
03/08/2024;Vacances d'été
04/08/2024;Vacances d'été
05/08/2024;Vacances d'été
06/08/2024;Vacances d'été
07/08/2024;Vacances d'été
08/08/2024;Vacances d'été
09/08/2024;Vacances d'été
10/08/2024;Vacances d'été
11/08/2024;Vacances d'été
12/08/2024;Vacances d'été
13/08/2024;Vacances d'été
14/08/2024;Vacances d'été
15/08/2024;Vacances d'été
16/08/2024;Vacances d'été
17/08/2024;Vacances d'été
18/08/2024;Vacances d'été
19/08/2024;Vacances d'été
20/08/2024;Vacances d'été
21/08/2024;Vacances d'été
22/08/2024;Vacances d'été
23/08/2024;Vacances d'été
24/08/2024;Vacances d'été
25/08/2024;Vacances d'été
26/08/2024;Vacances d'été
27/08/2024;Vacances d'été
28/08/2024;Vacances d'été
29/08/2024;Vacances d'été
30/08/2024;Vacances d'été
31/08/2024;Vacances d'été
01/09/2024;Vacances d'été
19/10/2024;Vacances de la Toussaint
20/10/2024;Vacances de la Toussaint
21/10/2024;Vacances de la Toussaint
22/10/2024;Vacances de la Toussaint
23/10/2024;Vacances de la Toussaint
24/10/2024;Vacances de la Toussaint
25/10/2024;Vacances de la Toussaint
26/10/2024;Vacances de la Toussaint
27/10/2024;Vacances de la Toussaint
28/10/2024;Vacances de la Toussaint
29/10/2024;Vacances de la Toussaint
30/10/2024;Vacances de la Toussaint
31/10/2024;Vacances de la Toussaint
01/11/2024;Vacances de la Toussaint
02/11/2024;Vacances de la Toussaint
03/11/2024;Vacances de la Toussaint
04/11/2024;Vacances de la Toussaint
21/12/2024;Vacances de Noël
22/12/2024;Vacances de Noël
23/12/2024;Vacances de Noël
24/12/2024;Vacances de Noël
25/12/2024;Vacances de Noël
26/12/2024;Vacances de Noël
27/12/2024;Vacances de Noël
28/12/2024;Vacances de Noël
29/12/2024;Vacances de Noël
30/12/2024;Vacances de Noël
31/12/2024;Vacances de Noël
01/01/2025;Vacances de Noël
02/01/2025;Vacances de Noël
03/01/2025;Vacances de Noël
04/01/2025;Vacances de Noël
05/01/2025;Vacances de Noël
06/01/2025;Vacances de Noël
15/02/2025;Vacances d'hiver
16/02/2025;Vacances d'hiver
17/02/2025;Vacances d'hiver
18/02/2025;Vacances d'hiver
19/02/2025;Vacances d'hiver
20/02/2025;Vacances d'hiver
21/02/2025;Vacances d'hiver
22/02/2025;Vacances d'hiver
23/02/2025;Vacances d'hiver
24/02/2025;Vacances d'hiver
25/02/2025;Vacances d'hiver
26/02/2025;Vacances d'hiver
27/02/2025;Vacances d'hiver
28/02/2025;Vacances d'hiver
01/03/2025;Vacances d'hiver
02/03/2025;Vacances d'hiver
03/03/2025;Vacances d'hiver
12/04/2025;Vacances de printemps
13/04/2025;Vacances de printemps
14/04/2025;Vacances de printemps
15/04/2025;Vacances de printemps
16/04/2025;Vacances de printemps
17/04/2025;Vacances de printemps
18/04/2025;Vacances de printemps
19/04/2025;Vacances de printemps
20/04/2025;Vacances de printemps
21/04/2025;Vacances de printemps
22/04/2025;Vacances de printemps
23/04/2025;Vacances de printemps
24/04/2025;Vacances de printemps
25/04/2025;Vacances de printemps
26/04/2025;Vacances de printemps
27/04/2025;Vacances de printemps
28/04/2025;Vacances de printemps
28/05/2025;Pont Ascension
29/05/2025;Pont Ascension
30/05/2025;Pont Ascension
31/05/2025;Pont Ascension
01/06/2025;Pont Ascension
02/06/2025;Pont Ascension
05/07/2025;Vacances d'été
06/07/2025;Vacances d'été
07/07/2025;Vacances d'été
08/07/2025;Vacances d'été
09/07/2025;Vacances d'été
10/07/2025;Vacances d'été
11/07/2025;Vacances d'été
12/07/2025;Vacances d'été
13/07/2025;Vacances d'été
14/07/2025;Vacances d'été
15/07/2025;Vacances d'été
16/07/2025;Vacances d'été
17/07/2025;Vacances d'été
18/07/2025;Vacances d'été
19/07/2025;Vacances d'été
20/07/2025;Vacances d'été
21/07/2025;Vacances d'été
22/07/2025;Vacances d'été
23/07/2025;Vacances d'été
24/07/2025;Vacances d'été
25/07/2025;Vacances d'été
26/07/2025;Vacances d'été
27/07/2025;Vacances d'été
28/07/2025;Vacances d'été
29/07/2025;Vacances d'été
30/07/2025;Vacances d'été
31/07/2025;Vacances d'été
01/08/2025;Vacances d'été
02/08/2025;Vacances d'été
03/08/2025;Vacances d'été
04/08/2025;Vacances d'été
05/08/2025;Vacances d'été
06/08/2025;Vacances d'été
07/08/2025;Vacances d'été
08/08/2025;Vacances d'été
09/08/2025;Vacances d'été
10/08/2025;Vacances d'été
11/08/2025;Vacances d'été
12/08/2025;Vacances d'été
13/08/2025;Vacances d'été
14/08/2025;Vacances d'été
15/08/2025;Vacances d'été
16/08/2025;Vacances d'été
17/08/2025;Vacances d'été
18/08/2025;Vacances d'été
19/08/2025;Vacances d'été
20/08/2025;Vacances d'été
21/08/2025;Vacances d'été
22/08/2025;Vacances d'été
23/08/2025;Vacances d'été
24/08/2025;Vacances d'été
25/08/2025;Vacances d'été
26/08/2025;Vacances d'été
27/08/2025;Vacances d'été
28/08/2025;Vacances d'été
29/08/2025;Vacances d'été
30/08/2025;Vacances d'été
31/08/2025;Vacances d'été
18/10/2025;Vacances de la Toussaint
19/10/2025;Vacances de la Toussaint
20/10/2025;Vacances de la Toussaint
21/10/2025;Vacances de la Toussaint
22/10/2025;Vacances de la Toussaint
23/10/2025;Vacances de la Toussaint
24/10/2025;Vacances de la Toussaint
25/10/2025;Vacances de la Toussaint
26/10/2025;Vacances de la Toussaint
27/10/2025;Vacances de la Toussaint
28/10/2025;Vacances de la Toussaint
29/10/2025;Vacances de la Toussaint
30/10/2025;Vacances de la Toussaint
31/10/2025;Vacances de la Toussaint
01/11/2025;Vacances de la Toussaint
02/11/2025;Vacances de la Toussaint
03/11/2025;Vacances de la Toussaint
20/12/2025;Vacances de Noël
21/12/2025;Vacances de Noël
22/12/2025;Vacances de Noël
23/12/2025;Vacances de Noël
24/12/2025;Vacances de Noël
25/12/2025;Vacances de Noël
26/12/2025;Vacances de Noël
27/12/2025;Vacances de Noël
28/12/2025;Vacances de Noël
29/12/2025;Vacances de Noël
30/12/2025;Vacances de Noël
31/12/2025;Vacances de Noël
01/01/2026;Vacances de Noël
02/01/2026;Vacances de Noël
03/01/2026;Vacances de Noël
04/01/2026;Vacances de Noël
05/01/2026;Vacances de Noël
21/02/2026;Vacances d'hiver
22/02/2026;Vacances d'hiver
23/02/2026;Vacances d'hiver
24/02/2026;Vacances d'hiver
25/02/2026;Vacances d'hiver
26/02/2026;Vacances d'hiver
27/02/2026;Vacances d'hiver
28/02/2026;Vacances d'hiver
01/03/2026;Vacances d'hiver
02/03/2026;Vacances d'hiver
03/03/2026;Vacances d'hiver
04/03/2026;Vacances d'hiver
05/03/2026;Vacances d'hiver
06/03/2026;Vacances d'hiver
07/03/2026;Vacances d'hiver
08/03/2026;Vacances d'hiver
09/03/2026;Vacances d'hiver
18/04/2026;Vacances de printemps
19/04/2026;Vacances de printemps
20/04/2026;Vacances de printemps
21/04/2026;Vacances de printemps
22/04/2026;Vacances de printemps
23/04/2026;Vacances de printemps
24/04/2026;Vacances de printemps
25/04/2026;Vacances de printemps
26/04/2026;Vacances de printemps
27/04/2026;Vacances de printemps
28/04/2026;Vacances de printemps
29/04/2026;Vacances de printemps
30/04/2026;Vacances de printemps
01/05/2026;Vacances de printemps
02/05/2026;Vacances de printemps
03/05/2026;Vacances de printemps
04/05/2026;Vacances de printemps
13/05/2026;Pont Ascension
14/05/2026;Pont Ascension
15/05/2026;Pont Ascension
16/05/2026;Pont Ascension
17/05/2026;Pont Ascension
18/05/2026;Pont Ascension
04/07/2026;Vacances d'été
05/07/2026;Vacances d'été
06/07/2026;Vacances d'été
07/07/2026;Vacances d'été
08/07/2026;Vacances d'été
09/07/2026;Vacances d'été
10/07/2026;Vacances d'été
11/07/2026;Vacances d'été
12/07/2026;Vacances d'été
13/07/2026;Vacances d'été
14/07/2026;Vacances d'été
15/07/2026;Vacances d'été
16/07/2026;Vacances d'été
17/07/2026;Vacances d'été
18/07/2026;Vacances d'été
19/07/2026;Vacances d'été
20/07/2026;Vacances d'été
21/07/2026;Vacances d'été
22/07/2026;Vacances d'été
23/07/2026;Vacances d'été
24/07/2026;Vacances d'été
25/07/2026;Vacances d'été
26/07/2026;Vacances d'été
27/07/2026;Vacances d'été
28/07/2026;Vacances d'été
29/07/2026;Vacances d'été
30/07/2026;Vacances d'été
31/07/2026;Vacances d'été
01/08/2026;Vacances d'été
02/08/2026;Vacances d'été
03/08/2026;Vacances d'été
04/08/2026;Vacances d'été
05/08/2026;Vacances d'été
06/08/2026;Vacances d'été
07/08/2026;Vacances d'été
08/08/2026;Vacances d'été
09/08/2026;Vacances d'été
10/08/2026;Vacances d'été
11/08/2026;Vacances d'été
12/08/2026;Vacances d'été
13/08/2026;Vacances d'été
14/08/2026;Vacances d'été
15/08/2026;Vacances d'été
16/08/2026;Vacances d'été
17/08/2026;Vacances d'été
18/08/2026;Vacances d'été
19/08/2026;Vacances d'été
20/08/2026;Vacances d'été
21/08/2026;Vacances d'été
22/08/2026;Vacances d'été
23/08/2026;Vacances d'été
24/08/2026;Vacances d'été
25/08/2026;Vacances d'été
26/08/2026;Vacances d'été
27/08/2026;Vacances d'été
28/08/2026;Vacances d'été
29/08/2026;Vacances d'été
30/08/2026;Vacances d'été
31/08/2026;Vacances d'été
17/10/2026;Vacances de la Toussaint
18/10/2026;Vacances de la Toussaint
19/10/2026;Vacances de la Toussaint
20/10/2026;Vacances de la Toussaint
21/10/2026;Vacances de la Toussaint
22/10/2026;Vacances de la Toussaint
23/10/2026;Vacances de la Toussaint
24/10/2026;Vacances de la Toussaint
25/10/2026;Vacances de la Toussaint
26/10/2026;Vacances de la Toussaint
27/10/2026;Vacances de la Toussaint
28/10/2026;Vacances de la Toussaint
29/10/2026;Vacances de la Toussaint
30/10/2026;Vacances de la Toussaint
31/10/2026;Vacances de la Toussaint
01/11/2026;Vacances de la Toussaint
02/11/2026;Vacances de la Toussaint
19/12/2026;Vacances de Noël
20/12/2026;Vacances de Noël
21/12/2026;Vacances de Noël
22/12/2026;Vacances de Noël
23/12/2026;Vacances de Noël
24/12/2026;Vacances de Noël
25/12/2026;Vacances de Noël
26/12/2026;Vacances de Noël
27/12/2026;Vacances de Noël
28/12/2026;Vacances de Noël
29/12/2026;Vacances de Noël
30/12/2026;Vacances de Noël
31/12/2026;Vacances de Noël
01/01/2027;Vacances de Noël
02/01/2027;Vacances de Noël
03/01/2027;Vacances de Noël
04/01/2027;Vacances de Noël
;